USE DETRAN;

INSERT INTO MODELO(CODIGO_MODELO, NOME_MODELO)
VALUES
(000000, 'Gol'),
(111111, 'Palio'),
(222222, 'Falcon'),
(333333, 'Hylux'),
(444444, 'Vectra'),
(555555, 'Scania');

INSERT INTO CATEGORIA(CODIGO_CATEGORIA, NOME_CATEGORIA)
VALUES
(1, 'Áutomóvel'),
(2, 'Motocicleta'),
(3, 'Caminhão'),
(4, 'Caminhonete'),
(5, 'Onibus');


INSERT INTO PROPRIETARIO (NOME, DATA_NASCIMENTO, ESTADO, CIDADE, BAIRRO, SEXO, IDADE, CPF)
VALUES
('Felipe Akira Furrier Serikava', '2006-02-16', 'DF', 'Brasília', 'Noroeste', 'M', 20, '102583901-84'),
('Joao Pedro da Silva', '2000-10-08', 'SP', 'São Paulo', 'Pinheiros', 'M', 25, '123456789-00'),
('Ana Machado Cavalcante', '1990-03-01', 'DF', 'Brasília', 'Sobradinho 2', 'F', 36, '572981630-52'),
('Gustavo Junior', '2008-02-28', 'DF', 'Brasília', 'Asa Sul', 'M', 18, '000111222-33'),
('Lívia Gonçalves Lima', '2005-01-30', 'RJ', 'Rio de Janeiro', 'Ipanema', 'F', 21, '999888777-66');

INSERT INTO TELEFONES(NUMERO, FK_PROPRIETARIO_CPF)
VALUES
('(61)99178-2319', '102583901-84'),
('(11)99999-0000', '123456789-00'),
('(11)00000-1111', '123456789-00'),
('(61)91234-5678', '572981630-52'),
('(61)95555-6666', '000111222-33'),
('(21)94321-8765', '999888777-66'),
('(21)91342-5768', '999888777-66');



INSERT INTO VEICULO(PLACA, CHASSI, COR, ANO_FABRICACAO, FK_CATEGORIA_CODIGO_CATEGORIA, FK_MODELO_CODIGO_MODELO, FK_PROPRIETARIO_CPF)
VALUES
('PBB-5225', 'A1B2345', 'Branco', 2010, 1, 444444, '102583901-84'),
('AAA-1111', 'B2C3456', 'Vermelha', 2008, 2, 222222, '123456789-00'),
('BBB-2222', 'C3D4567', 'Preto', 2015, 1, 000000, '572981630-52'),
('ABC1D23', 'D4E5678', 'Prata', 2018, 3, 555555, '000111222-33'),
('DEF2G45', 'E5F6789', 'Amarelo', 2013, 1, 111111, '999888777-66'),
('JHI-3131', 'F6G7890', 'Preto', 2025, 4, 333333, '102583901-84');



INSERT INTO INFRACAO (ID_INFRACAO, DATA_HORA, FK_VEICULO_PLACA)
VALUES
(500, '2026-05-10 14:30:00', 'PBB-5225'),
(501, '2026-05-11 09:15:00', 'AAA-1111'),
(502, '2026-05-12 21:45:00', 'BBB-2222'),
(503, '2026-05-13 11:00:00', 'ABC1D23'),
(504, '2026-05-14 16:20:00', 'DEF2G45');

INSERT INTO TIPO_INFRACAO (IDENTIFICACAO, VALOR, FK_INFRACAO_ID_INFRACAO)
VALUES
(1, 130.16, 500),
(2, 195.23, 501),
(3, 293.47, 502),
(4, 880.41, 503),
(5, 195.23, 504);

INSERT INTO LOCAL (POSICAO_GEOGRAFICA, VELOCIDADE_PERMITIDA, FK_INFRACAO_ID_INFRACAO)
VALUES
(-15.7941, 60, 500),
(-15.8233, 80, 501),
(-23.5505, 50, 502),
(-22.9068, 70, 503),
(-15.7322, 40, 504);

INSERT INTO AGENTE (MATRICULA, NOME, TEMPO_SERVICO, FK_INFRACAO_ID_INFRACAO)
VALUES
(1001, 'Rodrigo Silva', 15, 500),
(1002, 'Julio Pereira', 5, 501),
(1003, 'Paula Nascimento', 20, 502),
(1004, 'Claudio Junior', 2, 503),
(1005, 'Laura Costa', 12, 504);